id,subject,question,A,B,C,D,answer_idx,answer,source_split
high_school_world_history_0,high_school_world_history,"This question refers to the following information.
Literacy rates among the Russian-speaking population of late Imperial Russia and the Soviet Union, 1897–1955
Literacy Rate
1897  24%
1917  45%
1926  56%
1937  75%
1939  81.10%
1955  99.90%
Source: Census data and Soviet Ministry of Education
A historian sympathetic to Soviet communism would most likely use the chart as evidence to support which of the following propositions?",The ideals of the Russian Revolution were betrayed by the Leninist and Stalinist regimes.,Lenin and Stalin vastly improved Russian military preparedness.,Communism has been made to work more efficiently in Russia than in China.,"Despite abuses on the part of Lenin and Stalin, the Soviet regime managed significant achievements.",3,D,test
high_school_world_history_1,high_school_world_history,"This question refers to the following information.
""The Romanists have, with great adroitness, drawn three walls round themselves, with which they have hitherto protected themselves, so that no one could reform them, whereby all Christendom has fallen terribly.
Firstly, if pressed by the temporal power, they have affirmed and maintained that the temporal power has no jurisdiction over them, but, on the contrary, that the spiritual power is above the temporal.
Secondly, if it were proposed to admonish them with the Scriptures, they objected that no one may interpret the Scriptures but the Pope.
Thirdly, if they are threatened with a council, they pretend that no one may call a council but the Pope…
…The second wall is even more tottering and weak: that they alone pretend to be considered masters of the Scriptures; although they learn nothing of them all their life. They assume authority, and juggle before us with impudent words, saying that the Pope cannot err in matters of faith, whether he be evil or good, albeit they cannot prove it by a single letter. That is why the canon law contains so many heretical and unchristian, nay unnatural, laws; but of these we need not speak now. For whereas they imagine the Holy Ghost never leaves them, however unlearned and wicked they may be, they grow bold enough to decree whatever they like. But were this true, where were the need and use of the Holy Scriptures? Let us burn them, and content ourselves with the unlearned gentlemen at Rome, in whom the Holy Ghost dwells, who, however, can dwell in pious souls only. If I had not read it, I could never have believed that the devil should have put forth such follies at Rome and find a following.""
Martin Luther, Address to the Nobility of the German Nation, 1520
When the author of the passage above discusses the ""second wall,"" to what is he referring?","The differing views of Catholics and Reformers on the appropriate definition of ""Holy Ghost""",The differing views of Catholics and Reformers on the appropriate use and interpretation of biblical texts,The differing views of Catholics and Reformers on the appropriate theological belief about the divinity of Jesus,The differing views of Catholics and Reformers on the appropriate method of baptism,1,B,test
high_school_world_history_2,high_school_world_history,"This question refers to the following information.
""Thereupon it was declared by the above-mentioned representatives of the aforesaid King and Queen of Castile, Leon, Aragon, Sicily, Granada, etc., and of the aforesaid King of Portugal and the Algarves, etc.:
[I.] That, whereas a certain controversy exists between the said lords, their constituents, as to what lands, of all those discovered in the ocean sea up to the present day, the date of this treaty, pertain to each one of the said parts respectively; therefore, for the sake of peace and concord, and for the preservation of the relationship and love of the said King of Portugal for the said King and Queen of Castile, Aragon, etc., it being the pleasure of their Highnesses, they, their said representatives, acting in their name and by virtue of their powers herein described, covenanted and agreed that a boundary or straight line be determined and drawn north and south, from pole to pole, on the said ocean sea, from the Arctic to the Antarctic pole. This boundary or line shall be drawn straight, as aforesaid, at a distance of three hundred and seventy leagues west of the Cape Verde Islands, being calculated by degrees, or by any other manner as may be considered the best and readiest, provided the distance shall be no greater than abovesaid. And all lands, both islands and mainlands, found and discovered already, or to be found and discovered hereafter, by the said King of Portugal and by his vessels on this side of the said line and bound determined as above, toward the east, in either north or south latitude, on the eastern side of the said bound provided the said bound is not crossed, shall belong to, and remain in the possession of, and pertain forever to, the said King of Portugal and his successors. And all other lands, both islands and mainlands, found or to be found hereafter, discovered or to be discovered hereafter, which have been discovered or shall be discovered by the said King and Queen of Castile, Aragon, etc., and by their vessels, on the western side of the said bound, determined as above, after having passed the said bound toward the west, in either its north or south latitude, shall belong to, and remain in the possession of, and pertain forever to, the said King and Queen of Castile, Leon, etc., and to their successors.""
Treaty of Tordesillas, 1494
Which of the following technologies most directly caused the treaty above to be signed?",Gunpowder weapons,The compass,Steel,Germ Theory,1,B,test
high_school_world_history_3,high_school_world_history,"This question refers to the following information.
""The question as to who, and what, is responsible for African underdevelopment can be answered at two levels. Firstly, the answer is that the operation of the imperialist system bears major responsibility for African economic retardation by draining African wealth and by making it impossible to develop more rapidly the resources of the continent. Secondly, one has to deal with those who manipulate the system and those who are either agents or unwitting accomplices of the said system. The capitalists of Western Europe were the ones who actively extended their exploitation from inside Europe to cover the whole of Africa.""
Walter Rodney, historian, How Europe Underdeveloped Africa, 1974
Based on your knowledge of world history, which of the following contributed LEAST to Europe's ability to penetrate Africa in the period 1750 to 1900 C.E.?",The invention of the machine gun,The invention of vaccines for tropical diseases,The development of the joint-stock company,The invention of steam-powered ships,2,C,test
high_school_world_history_4,high_school_world_history,"This question refers to the following information.
No task is more urgent than that of preserving peace. Without peace our independence means little. The rehabilitation and upbuilding of our countries will have little meaning. Our revolutions will not be allowed to run their course. What can we do? We can do much! We can inject the voice of reason into world affairs. We can mobilize all the spiritual, all the moral, all the political strength of Asia and Africa on the side of peace. Yes, we! We, the peoples of Asia and Africa, 1.4 billion strong.
Indonesian leader Sukarno, keynote address to the Bandung Conference, 1955
Like numerous other leaders in Africa, Asia, and the Middle East, Sukarno attempted, but did not completely succeed, in maintaining a neutral stance during",the Arab-Israeli conflict.,the Korean War.,the Cold War.,the Vietnam conflicts.,2,C,test
high_school_us_history_0,high_school_us_history,"This question refers to the following information.
""When we were kids the United States was the wealthiest and strongest country in the world; the only one with the atom bomb, the least scarred by modern war, an initiator of the United Nations that we thought would distribute Western influence throughout the world. Freedom and equality for each individual, government of, by, and for the people—these American values we found good, principles by which we could live as men. Many of us began maturing in complacency.
""As we grew, however, our comfort was penetrated by events too troubling to dismiss. First, the permeating and victimizing fact of human degradation, symbolized by the Southern struggle against racial bigotry, compelled most of us from silence to activism. Second, the enclosing fact of the Cold War, symbolized by the presence of the Bomb, brought awareness that we ourselves, and our friends, and millions of abstract 'others' we knew more directly because of our common peril, might die at any time. . . .""
—Port Huron Statement, 1962
The Port Huron Statement, excerpted above, can most clearly be seen as an important document in which of the following movements?",The labor union movement.,The civil rights movement.,The New Right.,The New Left.,3,D,test
high_school_us_history_1,high_school_us_history,"This question refers to the following information.
At a meeting of working girls held at Hull House during a strike in a large shoe factory, the discussions made it clear that the strikers who had been most easily frightened, and therefore the first to capitulate, were naturally those girls who were paying board and were afraid of being put out if they fell too far behind. After a recital of a case of peculiar hardship one of them exclaimed: ""Wouldn't it be fine if we had a boarding club of our own, and then we could stand behind each other in a time like this?"" After that events moved quickly. We … discussed all the difficulties and fascinations of such an undertaking, and on the first of May, 1891, two comfortable apartments near Hull House were rented and furnished. The Settlement was responsible for the furniture and paid the first month's rent, but beyond that the members managed the club themselves.… At the end of the third year the club occupied all of the six apartments which the original building contained, and numbered fifty members.
—Jane Addams, Twenty Years at Hull House, 1912
Settlement houses like Hull House expressed a desire of reformers to do which of the following?",Convert immigrants to Christianity,Prevent political radicalism,Provide cheap labor for industry,Improve conditions in urban neighborhoods,3,D,test
high_school_us_history_2,high_school_us_history,"This question refers to the following information.
Here is the case of a woman employed in the manufacturing department of a Broadway house. It stands for a hundred like her own. She averages three dollars a week. Pay is $1.50 for her room; for breakfast she has a cup of coffee; lunch she cannot afford. One meal a day is her allowance. This woman is young, she is pretty. She has ""the world before her."" Is it anything less than a miracle if she is guilty of nothing less than the ""early and improvident marriage,"" against which moralists exclaim as one of the prolific causes of the distresses of the poor? Almost any door might seem to offer a welcome escape from such slavery as this. ""I feel so much healthier since I got three square meals a day,"" said a lodger in one of the Girls' Homes. Two young sewing-girls came in seeking domestic service, so that they might get enough to eat. They had been only half-fed for some time, and starvation had driven them to the one door at which the pride of the American-born girl will not permit her to knock, though poverty be the price of her independence.
—Jacob Riis, How the Other Half Lives, 1890
Riis's work as an investigator of the lives of the poor can most directly be associated with which of the following?",Yellow Journalism,Abolitionism,The muckrakers,Socialism,2,C,test
high_school_us_history_3,high_school_us_history,"This question refers to the following information.
""The seeds of totalitarian regimes are nurtured by misery and want. They spread and grow in the evil soil of poverty and strife. They reach their full growth when the hope of a people for a better life has died. We must keep that hope alive. . . . Great responsibilities have been placed upon us by the swift movement of events. . . . I am confident that the Congress will face these responsibilities squarely.""
—President Harry S. Truman, 1947
The passage above can best be seen as providing a rationale for",the policy of containment.,"the principle of ""massive retaliation.""",participation in the Atlantic Charter.,"embarking on a ""roll-back"" of communism.",0,A,test
high_school_us_history_4,high_school_us_history,"This question refers to the following information.
""The Opposition tells us that we ought not to govern a people without their consent. I answer, the rule of liberty that all just government derives its authority from the consent of the governed, applies only to those who are capable of self-government. We govern the Indians without their consent, we govern our territories without their consent, we govern our children without their consent. How do they know that our government would be without their consent? Would not the people of the Philippines prefer the just, human, civilizing government of this Republic to the savage, bloody rule of pillage and extortion from which we have rescued them? And, regardless of this formula of words made only for enlightened, self-governing people, do we owe no duty to the world? Shall we turn these peoples back to the reeking hands from which we have taken them? Shall we abandon them, with Germany, England, Japan, hungering for them? Shall we save them from those nations, to give them a self-rule of tragedy?…Then, like men and not like children, let us on to our tasks, our mission, and our destiny.""
Albert J. Beveridge, ""The March of the Flag,"" 1898
The sentiment expressed by Beveridge best exemplifies which of the following?",Imperialism,Anti-imperialism,Isolationism,Manifest Destiny,0,A,test
high_school_government_and_politics_0,high_school_government_and_politics,"Compared with political parties in countries such as England and Israel, both of which have multiparty systems, American political parties are",less interested in influencing the outcome of elections,less clearly identified with consistent political ideologies,less effective at raising money from political supporters,better able to reflect the goals of their entire constituencies,1,B,test
high_school_government_and_politics_1,high_school_government_and_politics,"Congress would be required to use the ""elastic clause"" of the Constitution to",change citizenship requirements,impose workplace safety standards,increase tax rates,authorize the treasury to print money,1,B,test
high_school_government_and_politics_2,high_school_government_and_politics,"Ruled unconstitutional in 1983, the legislative veto had allowed",the executive branch to veto legislation approved by Congress,federal district courts to overturn legislation,the president to veto state laws,Congress to nullify resolutions approved by the executive branch,3,D,test
high_school_government_and_politics_3,high_school_government_and_politics,Which of the following is an example of devolution?,Allowing states to decide how to meet federally mandated greenhouse gas emissions targets,"A ""race to the bottom"" in which states compete with one another to have the fewest environmental regulations",A state that legalizes marijuana possession in conflict with federal law,A state being prevented from implementing a fuel efficiency standard that is more stringent than that set by the federal government,0,A,test
high_school_government_and_politics_4,high_school_government_and_politics,"Interest groups representing businesspeople and investors are often among the most successful lobbying groups in Washington, D.C., for all of the following reasons EXCEPT",Such groups have the financial resources to mount sustained campaigns on their own behalf.,"Many such groups have been in existence for several decades or more, allowing them to master the legislative system and to develop close ties with legislators.","In many districts, these groups' constituents make up the majority of voters.","These groups' constituents contribute heavily to many legislators' campaigns, and in doing so, gain greater access to legislators.",2,C,test
high_school_biology_0,high_school_biology,Which of the following is (are) required when performing a polymerase chain reaction (P C R) on a DNA sample?,Reverse transcriptase,A vacuum chamber,Primers complementary to certain portions of the DNA,DNA ligase,2,C,test
high_school_biology_1,high_school_biology,Oligomycin is an antibiotic that blocks proton channels in the cristae of mitochondria by binding to ATP synthase. Which of the following would be the first expected response after the application of oligomycin to cells?,Water production would increase.,H+ would increase inside the intermembrane space (the compartment between inner and outer membranes).,H+ would increase in the matrix (inside mitochondrial inner membrane).,H+ would increase outside mitochondria.,1,B,test
high_school_biology_2,high_school_biology,The primary site of glucose reabsorption is the,glomerulus,proximal convoluted tubule,loop of Henle,collecting duct,1,B,test
high_school_biology_3,high_school_biology,Which of the following statements best explains why Mendel's principle of segregation was deemed a law?,Mendel's work with pea plants and his conclusions have been described in many sources.,The patterns of trait inheritance observed in pea plants were repeatedly demonstrated in other eukaryotes.,Chromosomes were found to contain the genetic information for traits.,The discovery of the structure of D N A supported Mendel's observations and laws.,1,B,test
high_school_biology_4,high_school_biology,Which of the following statements most detracts from the claim that the human appendix is a completely vestigial organ?,The appendix can be surgically removed with no immediate ill effects.,The appendix might have been larger in fossil hominids.,The appendix has a substantial amount of defensive lymphatic tissue.,Individuals with a larger-than-average appendix leave fewer offspring than those with a below-average-sized appendix.,2,C,test
high_school_macroeconomics_0,high_school_macroeconomics,Among those hurt by inflation are I.   borrowers at fixed interest rates II.   individuals on fixed incomes III.   those with savings earning fixed interest rates IV.   restaurant owners,I and II only,II and III only,II and IV only,II III and IV only,3,D,test
high_school_macroeconomics_1,high_school_macroeconomics,"The ""crowding-out"" effect is the result of",decreasing interest rates from contractionary fiscal policy.,increasing interest rates from expansionary fiscal policy.,increasing interest rates from expansionary monetary policy.,increasing unemployment rates from expansionary monetary policy.,1,B,test
high_school_macroeconomics_2,high_school_macroeconomics,If the demand for our exports rises while our tastes for foreign goods falls off then,the value of the dollar will tend to appreciate.,the value of the dollar will tend to depreciate.,exchange rates will be affected but not the value of the dollar.,the exchange rate will not be affected.,0,A,test
high_school_macroeconomics_3,high_school_macroeconomics,To close a recessionary gap,the aggregate demand curve should be shifted to the right.,the aggregate demand curve should be shifted to the left.,the aggregate supply curve should be shifted to the right.,the aggregate supply curve should be shifted to the left.,0,A,test
high_school_macroeconomics_4,high_school_macroeconomics,Which of the following most likely increases aggregate demand in the United States?,An American entrepreneur founds and locates a software company in London.,The U.S. military closes a military base in California.,The Chinese government makes it increasingly difficult for American firms to export goods to China.,A Mexican entrepreneur founds and locates a software company in St. Louis.,3,D,test
high_school_psychology_0,high_school_psychology,Studying a few subjects in great depth to investigate a rare condition is known as,an experiment,a case study,naturalistic observation,correlational research,1,B,test
high_school_psychology_1,high_school_psychology,Children who suffer brain damage may be able to regain their physical and mental abilities more quickly than older brain damage patients due to which of the following properties of the brain?,contralateral control,Klinefelter's syndrome,effective psychological environment,brain plasticity,3,D,test
high_school_psychology_2,high_school_psychology,Why can experiments determine causal relationships when no other research method can?,Experiments are more precise than the other research methods.,Experiments isolate the effects of independent variables on dependent variables.,Experiments typically involve more participants than other research methods do.,"Experiments take place in more realistic, real-life settings.",1,B,test
high_school_psychology_3,high_school_psychology,"As a result of an accident, Abdul lost sight in his right eye. To judge the distance of vehicles when he is driving, Abdul is able to rely on cues of",I only,II only,III only,I and II only,3,D,test
high_school_psychology_4,high_school_psychology,"In a crisis, the adrenal glands of the body secrete ""emergency"" hormones, while the body prepares for fight-or-flight, directed by",the central nervous system,the somatic nervous system,the sensorimotor nervous system,the sympathetic nervous system,3,D,test
conceptual_physics_0,conceptual_physics,"When white light passes through a prism, the light that bends more than green is",red,yellow,blue,None of these,2,C,test
conceptual_physics_1,conceptual_physics,An airplane with its nose pointing north with an airspeed of 40 km/h in a 30-km/h crosswind (at right angles) has a groundspeed of,30 km/h,40 km/h,50 km/h,60 km/h,2,C,test
conceptual_physics_2,conceptual_physics,"When you brush your hair and scrape electrons from your hair, the charge of your hair becomes",positive,negative,Both of these,Neither of these,0,A,test
conceptual_physics_3,conceptual_physics,Astrophysicists are able to identify the elements in the outer layers of a star by studying its,Doppler effect.,molecular structure.,temperature.,spectrum.,3,D,test
conceptual_physics_4,conceptual_physics,"According to four-dimensional geometry, the angles of a triangle add to 180°",always.,sometimes.,never.,on planet Earth only.,1,B,test
computer_security_0,computer_security,A special tool is necessary for entering the network which is _______________ that helps the anonymous internet users to access into the Tor’s network and use various Tor services.,Opera browser,Firefox,Chrome,Tor browser,3,D,test
computer_security_1,computer_security,"In Brumley and Boneh’s paper on side-channel attacks, why does blinding prevent the timing attack from working?","Blinding prevents the server from using the CRT optimization, which is essential to the timing attack.","Blinding changes the p and q primes that are used, so an adversary cannot learn the server’s true p and q values.","Blinding randomizes the ciphertext being decrypted, thus obscuring the correlation between an adversary’s input and the timing differences.","Blinding adds a random amount of time to the decryption due to the multiplication and division by the blinding random value r, which obscures the timing differences used in the attack.",2,C,test
computer_security_2,computer_security,"A sender must not be able to deny sending a message that was sent, is known as",Message Nonrepudiation,Message Integrity,Message Condentiality,Message Sending,0,A,test
computer_security_3,computer_security,How do you prevent SQL injection?,Escape queries,Interrupt requests,Merge tables,All of the above,0,A,test
computer_security_4,computer_security,Failed sessions allow brute-force attacks on access credentials. This type of attacks are done in which layer of the OSI model?,Physical layer,Data-link Layer,Session layer,Presentation layer,2,C,test
philosophy_0,philosophy,Feinberg claims that most arguments for psychological egoism:,make reference to neuroscience.,are based on controlled studies.,are based on interviews and surveys.,are nonempirical in character.,3,D,test
philosophy_1,philosophy,Which of the following ideas is not associated with the stance of situation ethics?,Anything goes,Principled relativism,The end justifies the means,No choice,0,A,test
philosophy_2,philosophy,The version of utilitarianism that Brandt defends makes rightness a function of:,the consequences of particular acts.,the actual and recognized rules of society.,ideal rules.,whether or not one’s maxim can be universalized.,2,C,test
philosophy_3,philosophy,"In Cicero’s view, each person is invested by Nature with two characters:",universal and individual.,virtuous and vicious.,good and evil.,divine and beastly.,0,A,test
philosophy_4,philosophy,Kant claims that the natural purpose of reason is to:,produce happiness.,produce pleasure.,produce knowledge.,produce a good will.,3,D,test
professional_law_0,professional_law,"A rider entered a subway car at the 42nd Street station. Because all of the seats were occupied, the rider stood in the subway car and grabbed a pole to secure his balance. As the subway car was proceeding downtown, the rider glanced at a girl standing next to him. Suddenly, the subway car made an unexpected stop. The rider momentarily lost his balance and grabbed the girl around the waist (to avoid falling). Once the rider regained his balance, he removed his hands from the girl's waist and grasped the pole again. In a civil action instituted by the girl against the rider, he will most likely be found",liable for battery.,"liable, because the rider believed that the girl consented to the contact under the circumstances.","not liable, because the rider's conduct was socially acceptable under the circumstances.","not liable, because the girl was not harmed by the contact.",2,C,test
professional_law_1,professional_law,"A mother took her five-year-old child to a hospital emergency room for treatment. A doctor on the hospital staff molested the child while treating her. At the time, no one was in the treatment room except the doctor and the child; the mother had left the room to get a cup of coffee. Two weeks later, when the child told her mother what had occurred in the treatment room, the mother suffered severe emotional distress that caused her to become physically ill. In an action against the doctor by the mother on her own behalf to recover for intentional infliction of emotional distress, is the mother likely to prevail?","No, because the mother was contributorily negligent in leaving the child alone with the doctor during treatment.","No, because the mother was neither the direct victim of the doctor's conduct nor a contemporaneous witness.","Yes, because the doctor's conduct was outrageous.","Yes, because the mother's distress was the natural and foreseeable consequence of the doctor's conduct. ",1,B,test
professional_law_2,professional_law,"A wedding planner owned a summer cottage on the lake. In order to facilitate the access to the cottage, which is located on a knoll above the lake, the wedding planner entered into an agreement with a neighbor, an adjoining land owner, whereby the neighbor, in writing, granted the wedding planner a right-of-way over a strip of land 30 feet in width and a quarter of a mile in length along the eastern margin of the neighbor's property. Without notif'ing the neighbor, the wedding planner proceeded with his plan to improve the roadbed by having the road asphalted in order to make it more accessible for motor vehicle traffic. Several years later, the neighbor started a sand business, which required him to do heavy hauling that subsequently destroyed the asphalted surface on the road. Ten years after the neighbor started his sand business, the wedding planner sold his lakefront property to an artist. Shortly after the artist took possession of the cottage and property, the neighbor erected wooden barriers across the roadway, thus obstructing the access to the artist's property. The interest that the wedding planner acquired in the access road may best be described as",an easement in gross.,an easement implied by prior use.,an easement by necessity.,an express easement.,3,D,test
professional_law_3,professional_law,"A plaintiff has sued a defendant in a court of the state in which both parties reside. The plaintiff alleges only a cause of action arising under a federal statute, although state law provides a similar cause of action. The federal statute provides that claims under the statute can be brought in any court of competent jurisdiction. The statute has not yet been interpreted by any federal court. Should the state court hear the case?","No, because cases arising under federal law must be decided in federal court.","No, because state courts must abstain in cases arising under federal law until a federal court has decided the federal issue.","Yes, because state courts may not discriminate against cases arising under discriminate against cases arising under federal law.","Yes, because the parties cannot proceed in federal court since there is no diversity of citizenship.",2,C,test
professional_law_4,professional_law,"A manager's competitor sent a defamatory letter to the manager accusing him of professional incompetence and calling him one of the worst businessmen in town. It was addressed to the manager. He read it, put it in a private drawer, and did not read it again. Later, he tried to sue the competitor for defamation as a result of the letter. Will the court likely grant the defendant's motion to dismiss, and on what grounds? Base your answer on the common law definition of defamation.","Yes, it will dismiss on the basis that the publication is made to the manager alone.","Yes, it will dismiss on the basis that the language is not damaging to the manager's reputation.","No, it will not dismiss because the circumstances show that all of the elements of defamation are all present.","No, it will not dismiss because a plaintiff in a defamatory action has an absolute right to a jury trial to prove defamation.",0,A,test
